get better at,skills
want to improve,skills
learn more about,skills
how to close a sale,skills
how to get better at,skills
how to do something,skills
where to eat,travel
where to dine,travel
where can I find places,travel
how do I get more,skills
where can I shop for,shopping
where can I find the best deals,shopping
how can i get better at,skills
how to meet other people,people
how to think like,people
how to work like,people
dream to become a better surgeon,job-title
dream job,job-title
my dreak career in,job-title
imagine a day in the life of,job-title
imagine a life in,job-title
follow trends in,company
visiting,company
traveling to,travel
working at company,company
ways to improve,skills
tips to get better at,skills
follow company trends,trends
connect with,people
network with,people
moving to,travel
relocating to,travel
going for a vacation to,travel
finding similar people,people
see others,people
buy new things,shopping
find good prices,shopping
find prices,shopping
see deals on things,shopping
company culture at,interview-prep
research trends,trends
research more about,trends
follow people,people
network with others,people
improve my skills in,skills
understand things better,skills
research client,company
research customer,company
research prospect,trends
aspire to become a great journalist,job-title
get a career in,job-title
find a job in,job-title
research jobs in,job-title
find great deals on things,shopping
look for other people in,people
tips to improve,skills
strategies to improve,skills
strategies to get better,skills
understand more about,skills
follow latest trends about,trends
see what the world thinks about,trends
see latest tweets from,people
read up stories on,blogs
find posts on,blogs
find more people like,people
connect with more people like,people
connect with brands like,company
ace my exam in,skills
prepare for my interview,interview-prep
prepare for my job,interview-prep
research careers in,job-title
build a career in,job-title
find articles on,blogs
look up posts on,blogs
look up stories on,blogs
interviewing at,interview-prep
interviewing for a job at,interview-prep
interviewing for a job in,interview-prep
preparing for an interview in,interview-prep
see what people are talking about,blogs
read up what people are talking,blogs